1,B340LB-FDICT-ND
1,F5749CT-ND
1,749-MFU0805FF00500P500CT-ND
1,ED2982-ND
16,RMCF0805FT10K0CT-ND
1,EG5455-ND
1,2648-SC0915CT-ND
3,160-1415-1-ND
16,2N7002NCT-ND
9,BSS84CT-ND
19,RMCF0805FT1K00CT-ND
11,RMCF0805FT649RCT-ND
1,754-CC56-12SURKWA-ND
8,1276-1003-1-ND
1,DDZ9684-7DICT-ND
1,36-575-8-ND
1,36-575-8-ND
1,541-0.0ACT-ND
1,541-5.11MCCT-ND
4,P10KDACT-ND
7,P10KDACT-ND
1,CWI359-ND
1,296-53511-1-ND
1,150-MCP3561RT-E/STCT-ND
1,399-C0805C103K5RACTUCT-ND
1,BAT46W-7FDICT-ND
1,RMCF0805FT1K62CT-ND
1,738-RNCF0805BTE500KCT-ND
1,PNM0805-5.0KBCT-ND
1,RG20P499KBCT-ND
2,749-MCU08050D5002BP100CT-ND
1,LM4030CMF-2.5/NOPBCT-ND
1,296-20700-1-ND
1,399-C0805C102J5GACTUCT-ND
3,541-1.00KCCT-ND
1,LMV761MFCT-ND
1,INA326EA/2K5CT-ND
